<?xml version="1.0" encoding="UTF-8"?>
<project-private xmlns="http://www.netbeans.org/ns/project-private/1">
    <editor-bookmarks xmlns="http://www.netbeans.org/ns/editor-bookmarks/2" lastBookmarkId="0"/>
    <open-files xmlns="http://www.netbeans.org/ns/projectui-open-files/2">
        <group>
            <file>file:/var/www/html/grupo02-21/Class/Admin.class.php</file>
            <file>file:/var/www/html/grupo02-21/Class/Validacion.class.php</file>
            <file>file:/var/www/html/grupo02-21/DAO/DAO.class.php</file>
            <file>file:/var/www/html/grupo02-21/DAO/CSV.class.php</file>
            <file>file:/var/www/html/grupo02-21/Login/signIn.php</file>
            <file>file:/var/www/html/grupo02-21/Login/signUP.php</file>
            <file>file:/var/www/html/grupo02-21/Class/Erro.class.php</file>
            <file>file:/var/www/html/grupo02-21/Class/Persona.class.php</file>
        </group>
    </open-files>
</project-private>
